{
  "overall": {
    "mse": 4948957.0,
    "rmse": 2224.625244140625,
    "mae": 439.4690856933594
  },
  "per_feature": {
    "alt": {
      "mse": 0.0021082069724798203,
      "rmse": 0.04591521620750427,
      "mae": 0.017916738986968994
    },
    "fc": {
      "mse": 14055.591796875,
      "rmse": 118.55628204345703,
      "mae": 31.48391342163086
    },
    "fch4": {
      "mse": 14851086.0,
      "rmse": 3853.710693359375,
      "mae": 1286.394287109375
    }
  }
}