{
  "alt": {
    "mae": 0.017917169002922857,
    "rmse": 0.04591581554736528
  },
  "fc": {
    "mae": 34.02792816162109,
    "rmse": 122.1457349497159
  },
  "fch4": {
    "mae": 965.4669006347656,
    "rmse": 3568.764940424068
  }
}