{
  "loss": [
    0.04344542324542999,
    0.02046550251543522,
    0.012264245189726353,
    0.010431155562400818,
    0.00936790183186531,
    0.008582588285207748,
    0.007928231731057167,
    0.007336125709116459,
    0.006797358859330416,
    0.006298679392784834
  ],
  "mae": [
    0.08357392251491547,
    0.034513209015131,
    0.00644563976675272,
    0.004237949848175049,
    0.004062804393470287,
    0.003773297416046262,
    0.004002340603619814,
    0.0039037326350808144,
    0.004259052686393261,
    0.004564298316836357
  ],
  "val_loss": [
    0.028271248564124107,
    0.015516472980380058,
    0.011529501527547836,
    0.010217985138297081,
    0.009312791749835014,
    0.00859500840306282,
    0.007977889850735664,
    0.0074090068228542805,
    0.006889837794005871,
    0.006403935141861439
  ],
  "val_mae": [
    0.045669686049222946,
    0.024774333462119102,
    0.010710056871175766,
    0.00976684968918562,
    0.009620685130357742,
    0.008899454027414322,
    0.008652971126139164,
    0.00918029434978962,
    0.008746718056499958,
    0.008666732348501682
  ],
  "learning_rate": [
    9.999999747378752e-05,
    9.999999747378752e-05,
    9.999999747378752e-05,
    9.999999747378752e-05,
    9.999999747378752e-05,
    9.999999747378752e-05,
    9.999999747378752e-05,
    9.999999747378752e-05,
    9.999999747378752e-05,
    9.999999747378752e-05
  ],
  "test_metrics": {
    "test_loss": 0.006274750921875238,
    "test_mae": 0.007101187016814947
  }
}